CurrentSimTime,value1,value2
0.0,0.273559,0.0
0.5,0.847565,0.16887
1.0,1.097829,0.311816
1.5,0.928761,0.432816
2.0,0.404937,0.535241
2.5,-0.273559,0.621942
3.0,-0.847565,0.695333
3.5,-1.097829,0.757456
4.0,-0.928761,0.810043
4.5,-0.404937,0.854557
5.0,0.273559,0.892237
5.5,0.847565,0.924132
6.0,1.097829,0.951131
6.5,0.928761,0.973985
7.0,0.404937,0.993331
7.5,-0.273559,1.009707
8.0,-0.847565,1.023568
8.5,-1.097829,1.035302
9.0,-0.928761,1.045234
9.5,-0.404937,1.053642
10.0,0.273559,1.060759
10.5,0.847565,1.066783
11.0,1.097829,1.071882
11.5,0.928761,1.076199
12.0,0.404937,1.079853
12.5,-0.273559,1.082946
13.0,-0.847565,1.085564
13.5,-1.097829,1.08778
14.0,-0.928761,1.089656
14.5,-0.404937,1.091244
15.0,0.273559,1.092588
15.5,0.847565,1.093726
16.0,1.097829,1.094689
16.5,0.928761,1.095505
17.0,0.404937,1.096195
17.5,-0.273559,1.096779
18.0,-0.847565,1.097273
18.5,-1.097829,1.097692
19.0,-0.928761,1.098046
19.5,-0.404937,1.098346
20.0,0.273559,1.0986
